Date ,series ,OPEN ,HIGH ,LOW ,PREV. CLOSE ,ltp ,close ,vwap ,52W H ,52W L ,VOLUME ,VALUE ,No of trades 
19-Jun-23,EQ,571.25,572.75,565.9,571.25,569.2,568.85,568.29,629.55,430.7,"1,79,03,691","10,17,44,91,934.45","2,13,062"
20-Jun-23,EQ,568.85,569.45,562.55,568.85,568,567.4,565.75,629.55,430.7,"1,45,49,152","8,23,11,66,324.45","2,16,416"
21-Jun-23,EQ,567.4,569.5,565.65,567.4,566.3,566.35,567.46,629.55,430.7,"1,49,46,871","8,48,17,84,144.45","2,19,147"
22-Jun-23,EQ,566.35,569,561.05,566.35,562.9,562.95,564.62,629.55,430.7,"1,49,79,063","8,45,74,57,302.25","1,99,200"
23-Jun-23,EQ,562,562.1,553.8,562.95,555.45,554.6,556.89,629.55,430.7,"1,22,15,712","6,80,28,03,838.55","2,18,058"
26-Jun-23,EQ,556,558.5,554.5,554.6,557.35,557.05,556.75,629.55,458,"83,60,264","4,65,46,18,050.30","1,64,198"
27-Jun-23,EQ,558.25,567.95,555.65,557.05,567.3,566.1,560.63,629.55,458,"1,06,94,768","5,99,57,85,528.20","2,11,284"
28-Jun-23,EQ,572.25,574,568.55,566.1,571,569.8,571.17,629.55,458,"1,80,28,934","10,29,76,58,917.65","2,43,601"
30-Jun-23,EQ,574,574,570.2,569.8,572.35,572.85,572.3,629.55,458,"87,18,232","4,98,94,42,645.40","1,55,913"
03-Jul-23,EQ,574.5,586.35,573.9,572.85,585.4,585.45,581.26,629.55,466.85,"1,54,21,985","8,96,41,44,325.90","2,11,446"
04-Jul-23,EQ,588.2,595.95,582.25,585.45,588.9,589.25,590.37,629.55,466.85,"2,47,99,250","14,64,08,54,129.20","3,50,400"
05-Jul-23,EQ,589.8,593.7,588.2,589.25,591.25,590.6,590.5,629.55,466.85,"1,35,98,114","8,02,97,06,202.95","2,71,617"
06-Jul-23,EQ,590.4,593.5,589.1,590.6,592.25,592.5,591.75,629.55,466.85,"1,13,23,509","6,70,06,79,504.10","1,88,528"
07-Jul-23,EQ,590,595.5,585.5,592.5,592.5,593.6,590.44,629.55,466.85,"1,17,07,209","6,91,24,13,770.85","2,20,036"
10-Jul-23,EQ,594.65,599.8,590.25,593.6,591.6,592.6,595.13,629.55,474.7,"1,14,17,363","6,79,48,59,601.00","1,75,959"
11-Jul-23,EQ,595,595.95,587.35,592.6,589.35,588.55,591.37,629.55,474.7,"1,32,21,177","7,81,86,63,062.75","2,24,137"
12-Jul-23,EQ,589,594.5,588.2,588.55,589.6,589.25,590.82,629.55,474.7,"1,60,29,716","9,47,06,54,030.50","2,27,576"
13-Jul-23,EQ,594.9,598,583.35,589.25,586,585.65,591.82,629.55,474.7,"2,00,24,503","11,85,08,04,940.95","2,92,405"
14-Jul-23,EQ,586.75,591.3,580.7,585.65,584.85,584.4,584.92,629.55,474.7,"1,21,90,152","7,13,02,26,704.30","1,91,652"
17-Jul-23,EQ,587,602.85,584.2,584.4,602,601.1,594.72,629.55,482.1,"1,93,78,986","11,52,51,51,182.85","2,55,411"
18-Jul-23,EQ,603.05,604.05,588.75,601.1,592.5,592.35,597.04,629.55,482.1,"2,57,57,209","15,37,80,20,448.05","3,56,474"
19-Jul-23,EQ,594.65,602.4,592,592.35,600.85,601.45,598.2,629.55,482.1,"1,75,56,585","10,50,24,35,041.00","2,29,380"
20-Jul-23,EQ,601.4,610.8,598.75,601.45,610,610.05,607.09,629.55,482.1,"3,40,38,351","20,66,41,79,322.85","4,18,329"
21-Jul-23,EQ,610,619.5,609,610.05,615.35,615.1,616.02,629.55,482.1,"2,10,40,281","12,96,12,08,006.40","2,78,392"
24-Jul-23,EQ,615.05,621.9,614.3,615.1,617.9,617.65,618.22,629.55,499.35,"1,17,56,364","7,26,80,33,560.60","2,02,347"
25-Jul-23,EQ,621.8,621.8,604.2,617.65,609.9,609.6,610.43,629.55,499.35,"1,85,03,305","11,29,48,99,424.10","2,82,970"
26-Jul-23,EQ,612,616.35,609.15,609.6,614.4,615.15,613.49,629.55,499.35,"99,99,125","6,13,44,01,476.75","1,72,572"
27-Jul-23,EQ,616.4,621.25,613.1,615.15,617,616.55,616.65,629.55,499.35,"1,74,44,742","10,75,73,20,781.55","2,26,610"
28-Jul-23,EQ,616.4,619.9,613.6,616.55,616,616.05,616.59,629.55,499.35,"1,19,30,586","7,35,62,36,982.10","1,61,432"
31-Jul-23,EQ,616.65,621,614.5,616.05,619,620.2,618.92,629.55,499.35,"86,05,483","5,32,61,28,162.15","1,24,305"
01-Aug-23,EQ,620.2,620.85,610.6,620.2,612.4,611.85,614.09,629.55,499.35,"1,34,93,453","8,28,62,25,481.95","1,99,918"
02-Aug-23,EQ,609.85,610.5,594.1,611.85,598.8,598.45,601.63,629.55,499.35,"1,49,77,497","9,01,09,47,970.40","2,73,820"
03-Aug-23,EQ,598.7,600.85,585,598.45,591.25,590.5,590.78,629.55,499.35,"2,77,74,877","16,40,88,64,220.80","3,20,867"
04-Aug-23,EQ,594.8,598.7,571.4,590.5,573.2,573.3,582.94,629.55,499.35,"5,27,25,616","30,73,59,73,949.65","5,68,761"
07-Aug-23,EQ,577,577,566.65,573.3,568.35,567.9,569.52,629.55,499.35,"3,27,36,325","18,64,39,67,967.55","4,24,649"
08-Aug-23,EQ,571,574.25,568.45,567.9,573.7,573.1,571.54,629.55,499.35,"2,50,38,671","14,31,05,53,091.45","3,53,947"
09-Aug-23,EQ,575,575,568.35,573.1,573.65,573.75,571.15,629.55,499.35,"1,57,69,111","9,00,65,04,554.10","2,47,711"
10-Aug-23,EQ,573.75,577.6,570.1,573.75,574,573.65,573.33,629.55,499.35,"2,73,25,801","15,66,65,66,522.25","4,21,225"
11-Aug-23,EQ,575.45,579,572,573.65,574.5,574.15,575.36,629.55,499.35,"1,82,21,179","10,48,37,83,178.00","2,63,372"
14-Aug-23,EQ,572.95,573,558.6,574.15,561,560.8,561.45,629.55,499.35,"2,80,84,093","15,76,76,94,753.00","4,78,707"
16-Aug-23,EQ,558.8,566.4,554,560.8,565.05,565.35,563.54,629.55,499.35,"1,57,25,767","8,86,20,34,153.75","1,90,829"
17-Aug-23,EQ,565.75,573.15,564,565.35,571.75,572.15,568.81,629.55,499.35,"2,79,10,162","15,87,54,89,835.20","3,38,178"
18-Aug-23,EQ,570,575.25,567.4,572.15,571.15,572.95,571.79,629.55,499.35,"1,82,53,227","10,43,70,30,633.70","2,96,911"
21-Aug-23,EQ,572.95,575.55,570.75,572.95,571.3,571.7,572.74,629.55,499.35,"93,80,810","5,37,27,33,325.40","1,54,325"
22-Aug-23,EQ,572.5,574.45,567.5,571.7,568.2,568.5,570.63,629.55,499.35,"1,40,73,413","8,03,07,60,756.35","1,94,890"
23-Aug-23,EQ,571,577.95,566,568.5,576.3,576.9,572.66,629.55,499.35,"1,85,79,297","10,63,96,20,981.45","2,60,827"
24-Aug-23,EQ,578.15,582,575.55,576.9,577,576.95,578,629.55,499.35,"2,41,31,644","13,94,80,78,521.65","3,21,952"
25-Aug-23,EQ,573.8,575.3,567.2,576.95,569.7,569.95,571.2,629.55,499.35,"1,22,71,885","7,00,96,92,537.00","1,98,589"
28-Aug-23,EQ,572.8,574.8,569.2,569.95,573.1,572.85,571.84,629.55,499.35,"97,11,932","5,55,37,05,392.90","1,81,649"
29-Aug-23,EQ,573.65,576.3,571.85,572.85,575.25,574.85,574.01,629.55,499.35,"1,31,44,855","7,54,53,23,890.40","2,32,951"
30-Aug-23,EQ,576.7,577.7,566.1,574.85,567.5,567.4,571.91,629.55,499.35,"1,52,81,416","8,73,96,16,795.90","2,45,036"
31-Aug-23,EQ,569.3,570.3,559.4,567.4,562.15,561.35,564.43,629.55,499.35,"2,78,98,476","15,74,66,86,711.25","3,26,854"
01-Sep-23,EQ,562.7,571.2,562.1,561.35,569.5,569.55,567.55,629.55,499.35,"1,81,21,168","10,28,47,01,912.55","2,60,408"
04-Sep-23,EQ,572,576.35,568.45,569.55,575.6,575.55,572.87,629.55,499.35,"1,21,08,655","6,93,66,98,350.40","1,95,524"
05-Sep-23,EQ,575.6,578.25,571.35,575.55,572.95,573,574.05,629.55,499.35,"1,44,44,729","8,29,20,19,922.20","2,47,672"
06-Sep-23,EQ,574.25,574.25,568,573,570.95,570.5,570.55,629.55,499.35,"2,06,09,936","11,75,91,00,652.10","3,37,013"
07-Sep-23,EQ,568,581,568,570.5,580.6,579.05,575.6,629.55,499.35,"1,23,90,597","7,13,20,78,107.95","1,80,550"
08-Sep-23,EQ,581,588.5,579.7,579.05,583.4,583.45,584.57,629.55,499.35,"1,40,32,068","8,20,27,79,359.95","2,05,241"
11-Sep-23,EQ,587,592.3,585.35,583.45,591.25,591.7,590.12,629.55,499.35,"1,09,46,134","6,45,95,50,843.30","2,71,751"
12-Sep-23,EQ,593.65,594.25,584.65,591.7,587.6,588.35,588.44,629.55,499.35,"1,60,93,060","9,46,98,53,287.90","2,54,109"
13-Sep-23,EQ,588.4,598,583.45,588.35,596.35,596.45,592.24,629.55,499.35,"1,93,77,172","11,47,59,63,581.80","2,79,643"
14-Sep-23,EQ,598.45,603.7,595.2,596.45,596.6,597.3,598.77,629.55,499.35,"1,31,78,911","7,89,11,38,917.75","2,60,528"
15-Sep-23,EQ,599.35,600.7,595.2,597.3,598.05,598.8,598.23,629.55,499.35,"1,17,56,389","7,03,30,62,065.15","1,82,595"
18-Sep-23,EQ,598.8,608.4,597.05,598.8,603,603.95,605.18,629.55,499.35,"1,93,05,055","11,68,30,85,228.80","3,36,027"
20-Sep-23,EQ,600.85,606.8,599.4,603.95,601,601.1,602.78,629.55,499.35,"2,13,14,600","12,84,80,60,287.55","3,51,772"
21-Sep-23,EQ,600,606.6,584.65,601.1,587.9,588.15,593.29,629.55,499.35,"2,34,53,425","13,91,46,25,160.45","4,25,490"
22-Sep-23,EQ,593.5,602,591.4,588.15,598.7,598.15,598.12,629.55,499.35,"1,87,84,139","11,23,52,13,845.05","2,95,166"
25-Sep-23,EQ,601.5,601.5,590.45,598.15,593.95,594.05,594.79,629.55,499.35,"97,12,784","5,77,71,09,828.20","2,62,285"
26-Sep-23,EQ,594,595,591.25,594.05,594.45,594.4,593.8,629.55,499.35,"83,27,427","4,94,48,09,375.45","1,85,873"
27-Sep-23,EQ,593.45,594.3,588.2,594.4,590,589.75,590.74,629.55,499.35,"98,65,347","5,82,78,26,886.25","2,32,626"
28-Sep-23,EQ,591.25,595.2,588.85,589.75,590.5,589.95,591.37,629.55,499.35,"2,19,60,816","12,98,69,61,371.85","2,87,488"
29-Sep-23,EQ,592.85,600,591.3,589.95,598.3,598.55,597.22,629.55,499.35,"1,21,89,735","7,27,99,47,317.40","2,24,164"
03-Oct-23,EQ,596.6,604.9,589.6,598.55,603.1,602.95,597.63,629.55,499.35,"1,53,22,196","9,15,69,85,818.05","2,45,784"
04-Oct-23,EQ,600,600.45,584.45,602.95,585.2,586.25,590.41,629.55,499.35,"2,49,14,612","14,70,97,73,963.60","3,08,578"
05-Oct-23,EQ,590,594.35,587.1,586.25,592,592.15,591.18,629.55,499.35,"1,32,48,028","7,83,20,00,311.45","2,09,600"
06-Oct-23,EQ,593.4,598.95,592.2,592.15,594,594.25,595.04,629.55,499.35,"82,16,780","4,88,92,95,417.95","1,87,684"
09-Oct-23,EQ,588,589,581.55,594.25,584.55,585.1,584.53,629.55,499.35,"91,89,597","5,37,16,08,921.20","2,35,554"
10-Oct-23,EQ,587,595,585.75,585.1,591.2,591.65,590.68,629.55,499.35,"1,03,73,508","6,12,74,06,833.20","2,50,192"
11-Oct-23,EQ,596.9,597,587.6,591.65,588.9,588.35,591.39,629.55,499.35,"1,42,20,119","8,40,95,71,970.95","2,09,131"
12-Oct-23,EQ,590.8,593,585,588.35,585.6,586.05,588.33,629.55,499.35,"1,19,83,797","7,05,03,77,951.75","1,71,954"
13-Oct-23,EQ,577.75,581.3,574.8,586.05,576.2,576.15,577.07,629.55,499.35,"1,90,64,577","11,00,16,25,403.05","4,65,129"
16-Oct-23,EQ,576,578.75,571.5,576.15,575.5,575.65,576.02,629.55,499.35,"1,12,90,293","6,50,33,88,837.60","4,85,503"
17-Oct-23,EQ,577.7,579.95,575.3,575.65,576.7,576.45,577.46,629.55,499.35,"1,07,65,224","6,21,64,66,935.70","2,69,728"
18-Oct-23,EQ,577.75,579.25,569.35,576.45,572.75,572.65,573.26,629.55,499.35,"1,17,77,454","6,75,15,31,244.10","2,70,057"
19-Oct-23,EQ,569.8,574,567,572.65,571.3,571.2,570.92,629.55,499.35,"1,14,41,499","6,53,21,50,778.60","2,39,777"
20-Oct-23,EQ,569.9,570,562.1,571.2,562.8,563.1,565.15,629.55,499.35,"1,11,10,988","6,27,93,75,187.50","2,82,726"
23-Oct-23,EQ,563.1,566,551,563.1,552.4,552.95,559.35,629.55,499.35,"1,18,75,035","6,64,23,19,960.75","2,63,251"
25-Oct-23,EQ,558.6,560.8,553.6,552.95,556.6,556.2,557.67,629.55,499.35,"1,21,34,624","6,76,71,61,161.25","2,62,171"
26-Oct-23,EQ,551.45,552.9,543.2,556.2,547,547,547.27,629.55,499.35,"1,94,24,825","10,63,06,51,336.60","3,17,445"
27-Oct-23,EQ,550,562.5,550,547,561.7,561.15,558.49,629.55,499.35,"1,04,15,296","5,81,68,77,868.95","2,10,599"
30-Oct-23,EQ,563,566.7,556.5,561.15,566.2,565.2,562.29,629.55,499.35,"85,93,704","4,83,21,88,898.35","1,91,150"
31-Oct-23,EQ,567,569.5,563.15,565.2,565.95,565.55,566.37,629.55,499.35,"1,30,39,696","7,38,53,12,631.25","2,36,664"
01-Nov-23,EQ,566.25,569.65,563.85,565.55,567.3,566.4,567.16,629.55,499.35,"1,35,75,575","7,69,95,15,897.65","2,40,220"
02-Nov-23,EQ,571.1,575.45,567.6,566.4,572,572.1,571.18,629.55,499.35,"1,11,48,516","6,36,78,49,377.00","2,12,716"
03-Nov-23,EQ,576,579.5,573.45,572.1,579.15,578.15,577.35,629.55,499.35,"1,13,71,371","6,56,52,79,355.45","2,05,720"
06-Nov-23,EQ,582,582.5,573.25,578.15,573.95,574.35,575.7,629.55,499.35,"1,64,99,138","9,49,84,82,029.95","3,30,138"
07-Nov-23,EQ,574.8,581.2,572.6,574.35,580.35,579.75,577.36,629.55,499.35,"1,79,23,281","10,34,81,72,706.10","4,66,280"
08-Nov-23,EQ,581.9,582.6,579,579.75,580.4,580.3,580.52,629.55,499.35,"1,54,34,808","8,96,01,48,835.65","3,91,419"
09-Nov-23,EQ,581,581.85,576.5,580.3,577.6,578.35,578.27,629.55,499.35,"1,24,34,363","7,19,04,09,015.15","1,67,584"
10-Nov-23,EQ,577.8,581,575.4,578.35,580.25,579.5,578.7,629.55,499.35,"67,73,038","3,91,95,67,928.90","1,19,792"
12-Nov-23,EQ,584.75,584.75,580.1,579.5,580.85,581.3,581.85,629.55,499.35,"19,47,722","1,13,32,73,076.55","53,935"
13-Nov-23,EQ,581,582.5,575.2,581.3,581.3,581.35,578.71,629.55,499.35,"1,12,82,362","6,52,91,78,380.05","1,77,978"
15-Nov-23,EQ,587.25,588,582.6,581.35,584,584.7,584.93,629.55,499.35,"1,13,97,676","6,66,68,56,921.25","2,21,182"
16-Nov-23,EQ,584.7,588,582.9,584.7,584.1,584.65,585.4,629.55,499.35,"86,22,660","5,04,76,71,165.75","1,79,964"
17-Nov-23,EQ,574.5,574.5,562.1,584.65,562.9,563.05,566.16,629.55,499.35,"3,71,73,221","21,04,59,79,976.30","6,82,644"
20-Nov-23,EQ,564,566.8,560.6,563.05,563.5,563.75,564.68,629.55,499.35,"1,27,14,585","7,17,96,13,743.45","2,64,832"
21-Nov-23,EQ,566,566.65,561,563.75,561.4,561.5,563.11,629.55,499.35,"1,42,80,013","8,04,12,32,058.75","2,23,495"
22-Nov-23,EQ,562.95,564.5,555.15,561.5,559.5,558.95,559,629.55,499.35,"1,49,09,071","8,33,42,45,035.50","2,47,815"
23-Nov-23,EQ,561.75,563.5,558.3,558.95,560.5,559.95,560.72,629.55,499.35,"63,76,210","3,57,52,82,774.35","1,98,344"
24-Nov-23,EQ,561.95,562.45,559.25,559.95,560.7,560.35,560.63,629.55,499.35,"65,29,851","3,66,08,04,948.55","1,55,259"
28-Nov-23,EQ,563.6,565.2,561.1,560.35,564.8,564.45,563.42,629.55,499.35,"81,53,314","4,59,37,27,819.70","1,86,090"
29-Nov-23,EQ,568,569,565.1,564.45,568.35,568.6,567.58,629.55,499.35,"1,02,99,034","5,84,55,06,569.15","2,06,929"
30-Nov-23,EQ,569.75,570.2,563.65,568.6,565.15,564.75,566.22,629.55,499.35,"1,97,58,998","11,18,79,29,536.50","3,14,822"
01-Dec-23,EQ,567,574.2,566.55,564.75,571.85,571.75,571.83,629.55,499.35,"1,06,14,230","6,06,95,42,121.05","1,89,868"
04-Dec-23,EQ,588,596,584.55,571.75,595.9,594.7,590.28,629.55,499.35,"2,60,77,882","15,39,31,75,008.05","3,86,859"
05-Dec-23,EQ,595.05,611.3,595.05,594.7,608.25,608.25,606.37,629.55,499.35,"3,64,30,152","22,09,01,96,336.45","4,32,396"
06-Dec-23,EQ,614,614,604.55,608.25,607.7,608.45,609.96,629.55,499.35,"2,14,39,069","13,07,69,49,822.20","2,73,409"
07-Dec-23,EQ,610,612.55,605,608.45,611.5,611.7,609.73,629.55,499.35,"1,07,25,706","6,53,97,46,289.50","2,48,309"
08-Dec-23,EQ,610,616.8,605.35,611.7,614.5,614.15,610.67,629.55,499.35,"1,77,22,136","10,82,23,16,306.20","2,94,891"
11-Dec-23,EQ,615,619.9,613.1,614.15,614.2,614.25,615.99,629.55,499.35,"1,17,06,255","7,21,08,78,840.80","2,85,158"
12-Dec-23,EQ,617,617.95,610.8,614.25,612.05,612.4,613.75,629.55,499.35,"1,44,94,836","8,89,61,94,867.15","2,82,774"
13-Dec-23,EQ,614.45,620.5,611.65,612.4,619,619.85,616.9,629.55,499.35,"1,39,77,914","8,62,29,77,354.10","2,79,821"
14-Dec-23,EQ,626,627.75,622.4,619.85,623.65,623.65,624.37,629.55,499.35,"1,58,13,797","9,87,36,63,687.10","3,36,921"
15-Dec-23,EQ,628,650,619.85,623.65,648.3,648.25,638.08,650,499.35,"2,98,13,572","19,02,34,30,389.90","4,33,979"
18-Dec-23,EQ,646.65,655.65,642.4,648.25,647.6,648.5,650.04,655.65,499.35,"1,62,21,796","10,54,48,32,650.95","3,47,590"
19-Dec-23,EQ,648.5,659.6,640.25,648.5,656,655.4,652.88,659.6,499.35,"1,99,64,008","13,03,41,25,974.85","3,84,049"
20-Dec-23,EQ,658.7,660.4,633.95,655.4,634.55,636.45,647.91,660.4,499.35,"2,25,42,056","14,60,51,96,613.65","4,19,233"
21-Dec-23,EQ,632.15,648.95,627.5,636.45,644,643.75,639.02,660.4,499.35,"1,99,15,516","12,72,64,51,072.85","3,47,188"
22-Dec-23,EQ,644.75,649.4,635.15,643.75,637.2,636.75,642.31,660.4,499.35,"1,49,98,068","9,63,33,65,890.05","3,07,210"
26-Dec-23,EQ,638.85,641.3,635.65,636.75,638.5,638.05,639.19,660.4,499.35,"1,01,53,089","6,48,97,68,989.95","2,98,625"
27-Dec-23,EQ,640.75,649.45,639,638.05,648.65,648.55,645.18,660.4,499.35,"1,44,17,646","9,30,19,72,173.20","2,95,473"
28-Dec-23,EQ,650.25,653.3,646.5,648.55,649.3,651.4,650.46,660.4,499.35,"1,69,82,092","11,04,61,12,701.50","3,01,058"
29-Dec-23,EQ,645.5,649.6,639.55,651.4,641.7,642.05,642.49,660.4,499.35,"1,32,21,898","8,49,49,32,618.15","3,32,467"
01-Jan-24,EQ,642.2,646.9,638,642.05,638.1,641.35,643.93,660.4,499.35,"82,95,548","5,34,17,16,373.30","2,57,804"
02-Jan-24,EQ,641.35,648,633.85,641.35,639.2,639.45,640.47,660.4,499.35,"1,51,64,482","9,71,23,46,967.95","2,49,803"
03-Jan-24,EQ,639.35,648,635.8,639.45,644.5,643.45,643.21,660.4,499.35,"1,45,71,772","9,37,27,32,858.90","2,52,225"
04-Jan-24,EQ,642.5,646.4,638.65,643.45,643.6,642.75,642.95,660.4,499.35,"1,38,83,388","8,92,63,55,539.75","2,71,568"
05-Jan-24,EQ,645,651.75,637.75,642.75,641.45,641.95,645.02,660.4,499.35,"1,59,84,585","10,31,04,53,920.00","2,72,662"
08-Jan-24,EQ,640,645,625.05,641.95,627.9,627,633.49,660.4,499.35,"1,47,39,531","9,33,73,25,175.95","3,36,839"
09-Jan-24,EQ,632,634.35,624.5,627,625.95,625.4,629.7,660.4,499.35,"1,34,00,235","8,43,80,88,899.05","2,36,123"
10-Jan-24,EQ,624.8,625.3,618.2,625.4,622,621.75,622.15,660.4,499.35,"1,27,42,464","7,92,76,74,893.10","2,13,657"
11-Jan-24,EQ,626,627.15,618.5,621.75,621.25,620.2,621.85,660.4,499.35,"1,55,33,860","9,65,97,92,551.10","2,84,550"
12-Jan-24,EQ,623.8,636.5,621.1,620.2,635.25,633.6,630.54,660.4,499.35,"1,66,20,797","10,48,01,04,627.65","3,02,558"
15-Jan-24,EQ,638.9,645.5,636.1,633.6,640.8,640.1,640.23,660.4,499.35,"1,68,44,018","10,78,40,99,571.95","3,00,031"
16-Jan-24,EQ,640,644.9,633.45,640.1,637.55,636.9,639.72,660.4,499.35,"1,50,25,543","9,61,21,87,789.45","2,53,396"
17-Jan-24,EQ,624,636.8,623,636.9,626.45,626,628.6,660.4,499.35,"3,00,16,308","18,86,83,96,654.85","4,28,458"
18-Jan-24,EQ,625.8,633.45,619.05,626,628.5,628.3,627.46,660.4,499.35,"1,46,95,436","9,22,07,94,332.40","2,39,183"
19-Jan-24,EQ,633,635.5,624.7,628.3,628.7,627.75,629.47,660.4,499.35,"1,16,75,202","7,34,91,40,974.30","2,08,754"
20-Jan-24,EQ,629,633.8,624.1,627.75,631,631.4,628.99,660.4,499.35,"98,86,760","6,21,87,02,860.50","1,33,765"
23-Jan-24,EQ,627,634.9,600.65,631.4,606,605.1,613.88,660.4,499.35,"3,09,54,343","19,00,24,05,937.25","4,09,569"
24-Jan-24,EQ,609.95,622.35,603.1,605.1,618,618.3,615.78,660.4,499.35,"1,92,21,835","11,83,64,60,488.35","2,74,606"
25-Jan-24,EQ,618.5,623.8,606.25,618.3,615,612.75,612.47,660.4,499.35,"2,26,84,904","13,89,39,36,068.05","2,95,756"
29-Jan-24,EQ,619,629.5,615.6,612.75,624.2,622.95,622.28,660.4,499.35,"1,95,72,140","12,17,92,66,716.90","3,75,931"
30-Jan-24,EQ,625.45,633.5,624.2,622.95,625.5,626.75,628.36,660.4,499.35,"1,69,66,577","10,66,11,20,748.15","3,40,803"
31-Jan-24,EQ,626.4,643.2,622,626.75,641.55,640.5,634.65,660.4,499.35,"2,32,70,745","14,76,87,84,599.55","3,31,696"
01-Feb-24,EQ,642.75,652.95,633.25,640.5,648.5,647.65,644.85,660.4,499.35,"2,65,87,707","17,14,50,97,528.60","3,41,287"
02-Feb-24,EQ,652,660.55,646.7,647.65,648,649.65,653.81,660.55,499.35,"2,74,71,811","17,96,12,31,828.75","3,62,306"
05-Feb-24,EQ,647.1,654.8,638.75,649.65,643,642.95,646.89,660.55,501.55,"2,83,39,525","18,33,25,81,475.65","3,48,687"
06-Feb-24,EQ,644.45,655,637.7,642.95,654.8,650.25,644.26,660.55,501.55,"1,40,79,390","9,07,07,37,392.70","2,30,842"
07-Feb-24,EQ,655.05,677.95,655,650.25,677.5,675.25,669.94,677.95,501.55,"4,16,96,232","27,93,40,60,703.15","7,97,692"
08-Feb-24,EQ,680.4,718.9,678.5,675.25,699.8,699.55,700.87,718.9,501.55,"7,42,22,434","52,02,06,33,464.10","9,78,644"
09-Feb-24,EQ,703.65,728.35,694.2,699.55,725.45,725.25,711.47,728.35,501.55,"4,32,35,061","30,76,02,44,551.05","7,57,763"
12-Feb-24,EQ,726,726,704.5,725.25,707,707.9,713.27,728.35,501.55,"2,28,73,137","16,31,48,27,822.60","5,73,623"
13-Feb-24,EQ,708.55,718,702.15,707.9,711.35,713.45,711.68,728.35,501.55,"2,33,51,472","16,61,86,87,259.40","3,64,739"
14-Feb-24,EQ,705.55,748.5,705.55,713.45,743,743.4,730.54,748.5,501.55,"3,67,82,182","26,87,09,28,805.05","4,93,455"
15-Feb-24,EQ,747.7,764,741.65,743.4,760.4,761.7,754.14,764,501.55,"3,39,41,282","25,59,65,07,159.35","8,63,114"
16-Feb-24,EQ,763.45,774.6,753.35,761.7,757.35,754.7,763.14,774.6,501.55,"2,73,65,121","20,88,33,78,535.90","5,19,358"
19-Feb-24,EQ,758.7,765,750,754.7,759.65,759.25,758.61,774.6,501.55,"1,39,79,584","10,60,50,31,489.65","2,53,774"
20-Feb-24,EQ,759.05,763.5,754,759.25,760.65,760.1,759.33,774.6,501.55,"1,25,28,399","9,51,31,87,763.75","2,60,985"
21-Feb-24,EQ,760.65,777.5,759.6,760.1,772.05,771.5,770.65,777.5,501.55,"2,14,65,311","16,54,22,28,829.40","4,41,746"
22-Feb-24,EQ,773,773,757,771.5,766.95,765.9,764.01,777.5,501.55,"1,87,99,244","14,36,28,48,260.80","3,72,278"
23-Feb-24,EQ,765.9,770.5,755,765.9,760.35,759.05,761.81,777.5,501.55,"1,41,43,636","10,77,48,10,691.75","4,79,997"
26-Feb-24,EQ,755,766.35,752.7,759.05,758.4,758.9,759.32,777.5,501.55,"1,13,55,186","8,62,22,14,664.70","2,80,156"
27-Feb-24,EQ,758.9,762.35,742.2,758.9,749.5,749.85,751.69,777.5,501.55,"1,39,69,393","10,50,06,29,239.15","3,15,352"
28-Feb-24,EQ,749.85,756.75,741,749.85,743,742.5,747.76,777.5,501.55,"1,12,63,318","8,42,22,54,972.85","2,83,338"
29-Feb-24,EQ,743.9,753.9,737.15,742.5,753,748.1,745.74,777.5,501.55,"1,92,17,113","14,33,08,98,842.35","3,89,495"
01-Mar-24,EQ,752,772,751.95,748.1,770,769.15,763.2,777.5,501.55,"1,73,48,526","13,24,04,13,220.45","3,09,262"
02-Mar-24,EQ,771.95,777,768.9,769.15,773.7,773.3,774.03,777.5,501.55,"11,58,960","89,70,65,444.75","27,382"
04-Mar-24,EQ,774.4,777,769,773.3,771.35,772.05,772.72,777.5,501.55,"97,89,141","7,56,42,84,699.60","1,97,362"
05-Mar-24,EQ,769.5,786.95,769.1,772.05,784.6,783.95,782.2,786.95,501.55,"1,80,88,847","14,14,91,13,322.65","4,04,509"
06-Mar-24,EQ,783.65,790.3,772.9,783.95,783.7,783.9,783.81,790.3,501.55,"2,67,10,525","20,93,60,92,585.05","5,03,262"
07-Mar-24,EQ,790,793.4,783,783.9,786,788.05,788.54,793.4,501.55,"1,54,97,868","12,22,07,05,592.60","2,19,629"
11-Mar-24,EQ,790,792.8,770.55,788.05,773.95,773.7,778.59,793.4,501.55,"1,67,78,340","13,06,34,54,668.35","3,87,291"
12-Mar-24,EQ,770,777.75,757.35,773.7,759,759.7,764.67,793.4,501.55,"2,15,29,705","16,46,30,45,923.05","3,90,497"
13-Mar-24,EQ,758.65,763.7,743,759.7,747.4,747.25,751.85,793.4,501.55,"2,79,50,252","21,01,43,17,799.65","4,62,302"
14-Mar-24,EQ,749.9,750.8,734.05,747.25,741,741.05,743.03,793.4,501.55,"1,97,30,882","14,66,06,90,669.70","3,04,735"
15-Mar-24,EQ,739.25,746.55,723,741.05,732.65,731.9,731.27,793.4,501.55,"2,97,92,241","21,78,60,99,985.35","3,82,516"
18-Mar-24,EQ,727.1,737.9,722.1,731.9,732.45,730.95,729.81,793.4,501.55,"1,81,45,126","13,24,25,20,782.95","2,66,091"
19-Mar-24,EQ,730,734.35,721.15,730.95,722.55,723.8,727.47,793.4,501.55,"1,52,05,043","11,06,12,61,059.95","2,03,852"
20-Mar-24,EQ,725.15,738.95,719.8,723.8,736.6,736.25,731.17,793.4,501.55,"2,54,05,455","18,57,56,65,608.10","4,11,626"
21-Mar-24,EQ,742,750.6,740.55,736.25,742.8,744.3,745.38,793.4,501.55,"1,51,61,161","11,30,08,17,864.00","2,97,397"
22-Mar-24,EQ,743.85,748.8,741.4,744.3,746.5,746.7,746.09,793.4,501.55,"1,55,35,921","11,59,11,96,217.50","2,61,750"
26-Mar-24,EQ,743.05,747.85,738.5,746.7,741.8,740.05,741.15,793.4,501.55,"1,46,78,342","10,87,88,01,267.10","4,71,853"
27-Mar-24,EQ,743,745.85,730.2,740.05,736.5,733.3,735.91,793.4,501.55,"3,00,88,789","22,14,26,32,347.65","3,03,834"
28-Mar-24,EQ,737.75,759.55,736.9,733.3,752.95,752.35,750.83,793.4,501.55,"2,17,05,116","16,29,67,64,834.75","2,50,615"
01-Apr-24,EQ,759.05,761.5,752.1,752.35,758,758.3,757.16,793.4,519.05,"99,49,971","7,53,36,78,627.05","1,55,072"
02-Apr-24,EQ,758.2,768.75,753.35,758.3,765.95,766.4,761.63,793.4,519.05,"1,57,13,063","11,96,75,15,949.70","1,99,522"
03-Apr-24,EQ,764.9,772.6,760.15,766.4,771,771.05,767.84,793.4,519.05,"1,91,36,981","14,69,42,03,509.30","2,77,412"
04-Apr-24,EQ,775,775.3,758.1,771.05,760.8,759.3,763.24,793.4,519.05,"1,58,89,530","12,12,74,83,574.70","2,63,762"
05-Apr-24,EQ,757.95,767.7,752.6,759.3,765.9,764.75,760.39,793.4,519.05,"99,39,620","7,55,79,66,836.05","1,59,848"
08-Apr-24,EQ,766.05,770,761.8,764.75,767.6,768.3,766.03,793.4,524.4,"97,97,174","7,50,49,31,342.05","1,93,392"
09-Apr-24,EQ,768.45,772.45,761.1,768.3,765.05,764.2,766.79,793.4,524.4,"74,65,892","5,72,47,66,013.05","1,27,868"
10-Apr-24,EQ,766.5,780.7,763.65,764.2,777.4,779.05,772.9,793.4,524.4,"1,45,30,669","11,23,07,49,541.10","2,01,570"
12-Apr-24,EQ,777.25,779.5,764.8,779.05,766.55,766.3,772.32,793.4,524.4,"1,44,08,722","11,12,81,57,762.80","2,45,294"
15-Apr-24,EQ,759.8,763.3,748.75,766.3,758.9,757.5,756.89,793.4,528,"1,13,56,572","8,59,57,00,637.00","2,03,154"
16-Apr-24,EQ,751.25,754.9,744.4,757.5,752.8,751.7,750.07,793.4,528,"1,33,38,991","10,00,52,42,780.00","2,02,899"
18-Apr-24,EQ,752.05,759.95,742,751.7,746.1,744.8,750.48,793.4,528,"1,45,89,648","10,94,92,56,502.45","2,71,371"
19-Apr-24,EQ,734.5,752,732.05,744.8,750,750.45,743.33,793.4,528,"1,08,86,554","8,09,23,49,855.55","1,91,080"
22-Apr-24,EQ,754.15,769,750.45,750.45,768.15,766.1,760.71,793.4,543.2,"1,74,52,186","13,27,60,83,461.55","3,20,047"
23-Apr-24,EQ,770.35,777.7,765.55,766.1,773,773,772.87,793.4,543.2,"1,22,92,429","9,50,04,56,626.70","3,90,560"
24-Apr-24,EQ,778.5,778.5,770.2,773,772.5,773.1,772.96,793.4,543.2,"78,42,615","6,06,20,53,959.30","1,63,729"
25-Apr-24,EQ,770.65,814.4,769.65,773.1,812,812.7,798.71,814.4,543.2,"3,67,32,974","29,33,91,61,191.35","4,90,497"
26-Apr-24,EQ,815.9,816.9,798.9,812.7,803.2,801.3,804.98,816.9,543.2,"1,49,64,358","12,04,60,26,651.85","3,20,781"
29-Apr-24,EQ,807,831.25,798.7,801.3,825,826.5,817.53,831.25,543.2,"2,73,02,732","22,32,07,52,043.65","3,71,639"
30-Apr-24,EQ,826.5,834.85,819.9,826.5,821,826.25,827.56,834.85,543.2,"2,74,49,073","22,71,57,42,484.05","3,76,985"
02-May-24,EQ,826.9,833.9,825,826.25,830.45,830.05,830.43,834.85,543.2,"1,99,43,724","16,56,17,98,987.10","4,25,940"
03-May-24,EQ,834.8,836.2,820,830.05,831,831.45,828.02,836.2,543.2,"2,26,67,634","18,76,93,16,179.15","2,99,662"
06-May-24,EQ,835,836,803,831.45,809.5,807.8,809.69,836.2,543.2,"3,52,83,557","28,56,86,03,442.05","4,20,532"
07-May-24,EQ,812,814.65,793.2,807.8,803.65,801.9,802.82,836.2,543.2,"1,67,25,013","13,42,71,69,707.45","3,33,003"
08-May-24,EQ,802.6,822,799.5,801.9,811.4,810.8,811.87,836.2,543.2,"2,79,08,322","22,65,78,96,599.95","4,16,012"
09-May-24,EQ,811.9,839.65,803.55,810.8,820,819.8,820.7,839.65,543.2,"4,92,90,254","40,45,25,25,638.00","7,10,585"
10-May-24,EQ,827,832.05,815.6,819.8,816.85,817.35,822.63,839.65,543.2,"2,05,43,142","16,89,94,81,306.25","3,37,836"
13-May-24,EQ,819.85,819.85,798.6,817.35,808.95,808.8,807.3,839.65,543.2,"1,53,98,505","12,43,12,53,183.15","3,00,588"
14-May-24,EQ,813,822.4,807.9,808.8,817.9,818.2,815.81,839.65,543.2,"1,09,12,462","8,90,24,78,688.10","2,15,574"
15-May-24,EQ,821,825.3,818.05,818.2,820.7,820.3,821.25,839.65,543.2,"97,55,062","8,01,13,23,408.05","1,84,595"
16-May-24,EQ,825.3,826.15,797.35,820.3,812.3,811.95,810.77,839.65,543.2,"2,05,36,990","16,65,08,76,495.95","3,98,702"
17-May-24,EQ,814.5,822.45,811.2,811.95,817.35,817.85,817.69,839.65,543.2,"1,24,92,509","10,21,49,79,481.60","2,38,755"
18-May-24,EQ,822,823,819.2,817.85,821.5,821,820.96,839.65,543.2,"9,60,453","78,84,96,867.55","18,745"
